{"name":"f9bd9ace-701f-495f-a4c1-041599d4f7a9","id":"/providers/Microsoft.Flow/flows/f9bd9ace-701f-495f-a4c1-041599d4f7a9","type":"Microsoft.Flow/flows","properties":{"apiId":"/providers/Microsoft.PowerApps/apis/shared_logicflows","displayName":"London Tubes","definition":{"metadata":{"workflowEntityId":null,"flowclientsuspensionreason":"None","flowclientsuspensiontime":null,"creator":{"id":"08a5b26d-e908-49af-b8c6-e84d06beda87","type":"User","tenantId":"d2af3166-e76b-4d03-9942-fbc79d6b69f9"},"provisioningMethod":"FromDefinition","failureAlertSubscription":true,"clientLastModifiedTime":"2020-08-09T06:39:20.6358367Z"},"$schema":"https://schema.management.azure.com/providers/Microsoft.Logic/schemas/2016-06-01/workflowdefinition.json#","contentVersion":"1.0.0.0","parameters":{"$connections":{"defaultValue":{},"type":"Object"},"$authentication":{"defaultValue":{},"type":"SecureObject"}},"triggers":{"Recurrence_-_Every_15_Mins":{"recurrence":{"frequency":"Minute","interval":15,"timeZone":"GMT Standard Time","startTime":"2020-07-31T15:00:00.000Z"},"type":"Recurrence"}},"actions":{"Parse_JSON_TFL_API_Tube_Status_Result":{"runAfter":{"HTTP_-_TFL_API_Tube_Status":["Succeeded"]},"type":"ParseJson","inputs":{"content":"@body('HTTP_-_TFL_API_Tube_Status')","schema":{"type":"array","items":{"type":"object","properties":{"$type":{"type":"string"},"id":{"type":"string"},"name":{"type":"string"},"modeName":{"type":"string"},"disruptions":{"type":"array"},"created":{"type":"string"},"modified":{"type":"string"},"lineStatuses":{"type":"array","items":{"type":"object","properties":{"$type":{"type":"string"},"id":{"type":"integer"},"statusSeverity":{"type":"integer"},"statusSeverityDescription":{"type":"string"},"created":{"type":"string"},"validityPeriods":{"type":"array"}},"required":["$type","id","statusSeverity","statusSeverityDescription","created","validityPeriods"]}},"routeSections":{"type":"array"},"serviceTypes":{"type":"array","items":{"type":"object","properties":{"$type":{"type":"string"},"name":{"type":"string"},"uri":{"type":"string"}},"required":["$type","name","uri"]}},"crowding":{"type":"object","properties":{"$type":{"type":"string"}}}},"required":["$type","id","name","modeName","disruptions","created","modified","lineStatuses","routeSections","serviceTypes","crowding"]}}}},"Apply_to_each_-_Line":{"foreach":"@body('Parse_JSON_TFL_API_Tube_Status_Result')","actions":{"Parse_JSON_lineStatuses":{"runAfter":{"Set_variable_SPListItem":["Succeeded"]},"type":"ParseJson","inputs":{"content":"@items('Apply_to_each_-_Line')['lineStatuses']","schema":{"type":"array","items":{"type":"object","properties":{"$type":{"type":"string"},"id":{"type":"integer"},"statusSeverity":{"type":"integer"},"statusSeverityDescription":{"type":"string"},"created":{"type":"string"},"validityPeriods":{"type":"array","items":{"type":"object","properties":{"$type":{"type":"string"},"fromDate":{"type":"string"},"toDate":{"type":"string"},"isNow":{"type":"boolean"}},"required":["$type","fromDate","toDate","isNow"]}},"lineId":{"type":"string"},"reason":{"type":"string"},"disruption":{"type":"object","properties":{"$type":{"type":"string"},"category":{"type":"string"},"categoryDescription":{"type":"string"},"description":{"type":"string"},"additionalInfo":{"type":"string"},"created":{"type":"string"},"affectedRoutes":{"type":"array"},"affectedStops":{"type":"array"},"closureText":{"type":"string"}}}},"required":["$type","id","statusSeverity","statusSeverityDescription","created","validityPeriods"]}}}},"Filter_array_Tube_Status_SP_List":{"runAfter":{},"type":"Query","inputs":{"from":"@outputs('Get_items_Tube_Status_SP_List')?['body/value']","where":"@equals(item()?['LineID'], items('Apply_to_each_-_Line')['id'])"}},"Select_Tube_Status_SP_List":{"runAfter":{"_Set_variable_statusSeverityDescriptionText_-_Clear":["Succeeded"]},"type":"Select","inputs":{"from":"@body('Filter_array_Tube_Status_SP_List')","select":{"LineName":"@item()?['Title']","LineID":"@item()?['LineID']","LineStatus":"@item()['LineStatus']","Reason":"@if(empty(item()?['Reason']),'',item()?['Reason'])","ModeName":"@item()['ModeName']"}}},"Apply_to_each_lineStatuses":{"foreach":"@body('Parse_JSON_lineStatuses')","actions":{"Switch_statusSeverity":{"runAfter":{},"cases":{"Case_\"Good_Service\"":{"case":10,"actions":{"Apply_to_each_statusSeverity_Good_Service":{"foreach":"@items('Apply_to_each_-_Line')['lineStatuses']","actions":{"Select_TFL_API_Tube_Status_Result_-_Good_Service":{"runAfter":{},"type":"Select","inputs":{"from":"@body('Parse_JSON_lineStatuses')","select":{"LineName":"@items('Apply_to_each_-_Line')['name']","LineID":"@items('Apply_to_each_-_Line')['id']","LineStatus":"@items('Apply_to_each_lineStatuses')['statusSeverityDescription']","Reason":"@null","ModeName":"@items('Apply_to_each_-_Line')['modeName']"}}},"Set_variable_APILineItem_-_Good_Service":{"runAfter":{"Append_to_array_variable_statusSeverityDescription_-_Good_Service":["Succeeded"]},"type":"SetVariable","inputs":{"name":"APILineItem","value":"@body('Select_TFL_API_Tube_Status_Result_-_Good_Service')"}},"Set_variable_goodService_-_true":{"runAfter":{"Set_variable_APILineItem_-_Good_Service":["Succeeded"]},"type":"SetVariable","inputs":{"name":"goodService","value":"@true"}},"Append_to_array_variable_statusSeverityDescription_-_Good_Service":{"runAfter":{"Select_TFL_API_Tube_Status_Result_-_Good_Service":["Succeeded"]},"type":"AppendToArrayVariable","inputs":{"name":"statusSeverityDescription","value":"@items('Apply_to_each_lineStatuses')['statusSeverityDescription']"}}},"runAfter":{},"type":"Foreach"}}}},"default":{"actions":{"Set_variable_goodService_-_false":{"runAfter":{"Append_to_array_variable_statusSeverityDescription":["Succeeded"]},"type":"SetVariable","inputs":{"name":"goodService","value":"@false"}},"Condition_If_additionalInfo_is_NULL":{"actions":{"Append_to_string_variable_reason_(No_additionalInfo)":{"runAfter":{},"type":"AppendToStringVariable","inputs":{"name":"reason","value":"@{items('Apply_to_each_lineStatuses')?['reason']}\n"}}},"runAfter":{},"else":{"actions":{"Append_to_string_variable_reason_(additionalInfo)":{"runAfter":{},"type":"AppendToStringVariable","inputs":{"name":"reason","value":"@{items('Apply_to_each_lineStatuses')?['reason']}\n@{items('Apply_to_each_lineStatuses')?['disruption']?['additionalInfo']}\n"}}}},"expression":{"equals":["@items('Apply_to_each_lineStatuses')?['disruption']?['additionalInfo']","@null"]},"type":"If"},"Append_to_array_variable_statusSeverityDescription":{"runAfter":{"Condition_If_additionalInfo_is_NULL":["Succeeded"]},"type":"AppendToArrayVariable","inputs":{"name":"statusSeverityDescription","value":"@items('Apply_to_each_lineStatuses')['statusSeverityDescription']"}}}},"expression":"@items('Apply_to_each_lineStatuses')['statusSeverity']","type":"Switch"}},"runAfter":{"Parse_JSON_lineStatuses":["Succeeded"]},"type":"Foreach"},"Set_variable_SPListItem":{"runAfter":{"Select_Tube_Status_SP_List":["Succeeded"]},"type":"SetVariable","inputs":{"name":"SPListItem","value":"@body('Select_Tube_Status_SP_List')"}},"Condition_SPLIstItemArray_equals_APILineItemArray":{"actions":{"Compose_Matches_(Do_Nothing)":{"runAfter":{},"type":"Compose","inputs":"Matches"}},"runAfter":{"Compose_-_Reporting_Values_for_Testing":["Succeeded"]},"else":{"actions":{"Compose_No_Match_(Make_Changes_To_SP_List)":{"runAfter":{},"type":"Compose","inputs":"No Match"},"Condition_If_Line_Item_exists_already_in_SP_List":{"actions":{"Update_item_Tube_Status":{"runAfter":{},"type":"OpenApiConnection","inputs":{"host":{"apiId":"/providers/Microsoft.PowerApps/apis/shared_sharepointonline","connectionName":"shared_sharepointonline","operationId":"PatchItem"},"parameters":{"dataset":"https://leonarmstondev.sharepoint.com/sites/LondonTubes","table":"38bc48ed-c681-4e97-aeaa-10b701c6c6e7","id":"@first(body('Filter_array_SP_List_-_Get_Item_ID'))?['ID']","item/Title":"@first(variables('APILineItem'))?['LineName']","item/LineID":"@first(variables('APILineItem'))?['LineID']","item/LineStatus":"@outputs('Compose_Statuses_TRIM_LineStatus')","item/Reason":"@outputs('Compose_reason_Trimmed')","item/GoodService":"@variables('goodService')","item/ModeName":"@first(variables('APILineItem'))?['modeName']"},"authentication":"@parameters('$authentication')"}}},"runAfter":{"Filter_array_SP_List_-_Get_Item_ID":["Succeeded"]},"else":{"actions":{"Create_item_Tube_Status":{"runAfter":{},"type":"OpenApiConnection","inputs":{"host":{"apiId":"/providers/Microsoft.PowerApps/apis/shared_sharepointonline","connectionName":"shared_sharepointonline","operationId":"PostItem"},"parameters":{"dataset":"https://leonarmstondev.sharepoint.com/sites/LondonTubes","table":"38bc48ed-c681-4e97-aeaa-10b701c6c6e7","item/Title":"@first(variables('APILineItem'))?['LineName']","item/LineID":"@first(variables('APILineItem'))?['LineID']","item/LineStatus":"@outputs('Compose_Statuses_TRIM_LineStatus')","item/Reason":"@outputs('Compose_reason_Trimmed')","item/GoodService":"@variables('goodService')","item/ModeName":"@first(variables('APILineItem'))?['ModeName']"},"authentication":"@parameters('$authentication')"}}}},"expression":{"not":{"equals":["@empty(body('Filter_array_SP_List_-_Get_Item_ID'))","@true"]}},"type":"If"},"Filter_array_SP_List_-_Get_Item_ID":{"runAfter":{"Compose_No_Match_(Make_Changes_To_SP_List)":["Succeeded"]},"type":"Query","inputs":{"from":"@outputs('Get_items_Tube_Status_SP_List')?['body/value']","where":"@equals(item()?['LineID'], first(variables('APILineItem'))?['LineID'])"}}}},"expression":{"equals":["@variables('SPListItem')","@variables('APILineItem')"]},"type":"If"},"Set_variable_statusSeverityDescription_-_Clear":{"runAfter":{"Filter_array_Tube_Status_SP_List":["Succeeded"]},"type":"SetVariable","inputs":{"name":"statusSeverityDescription","value":[]}},"_Set_variable_statusSeverityDescriptionText_-_Clear":{"runAfter":{"Set_variable_reason_-_Clear":["Succeeded"]},"type":"SetVariable","inputs":{"name":"statusSeverityDescriptionText","value":"@{null}"}},"Compose_-_Reporting_Values_for_Testing":{"runAfter":{"_APILineItem":["Succeeded"]},"type":"Compose","inputs":"@{variables('SPListItem')}\n\n@{variables('APILineItem')}\n\n\n\n\n\n@{variables('statusSeverityDescription')}\n\n\n\n\n\n@{variables('statusSeverityDescriptionText')}\n\n"},"Compose_reason_Trimmed":{"runAfter":{"Scope_statusSeverityDescription_-_Get_Unique_LineStatus":["Succeeded"]},"type":"Compose","inputs":"@trim(variables('reason'))"},"Set_variable_reason_-_Clear":{"runAfter":{"Set_variable_statusSeverityDescription_-_Clear":["Succeeded"]},"type":"SetVariable","inputs":{"name":"reason","value":"@{null}"}},"Select":{"runAfter":{"Compose_reason_Trimmed":["Succeeded"]},"type":"Select","inputs":{"from":"@array(null)","select":{"LineName":"@items('Apply_to_each_-_Line')['name']","LineID":"@items('Apply_to_each_-_Line')['id']","LineStatus":"@variables('statusSeverityDescriptionText')","Reason":"@outputs('Compose_reason_Trimmed')","ModeName":"@items('Apply_to_each_-_Line')['modeName']"}}},"Scope_statusSeverityDescription_-_Get_Unique_LineStatus":{"actions":{"Compose_select_DISTINCT_values_from_array_statusSeverityDescription":{"runAfter":{},"type":"Compose","inputs":"@union(variables('statusSeverityDescription'),variables('statusSeverityDescription'))"},"Parse_JSON_DISTINCT_LineStatus":{"runAfter":{"Compose_select_DISTINCT_values_from_array_statusSeverityDescription":["Succeeded"]},"type":"ParseJson","inputs":{"content":"@outputs('Compose_select_DISTINCT_values_from_array_statusSeverityDescription')","schema":{"type":"array","items":{"type":"string"}}}},"Compose_Statuses_TRIM_LineStatus":{"runAfter":{"Apply_to_each_DISTINCT_LineStatus":["Succeeded"]},"type":"Compose","inputs":"@trim(variables('statusSeverityDescriptionText'))"},"Apply_to_each_DISTINCT_LineStatus":{"foreach":"@body('Parse_JSON_DISTINCT_LineStatus')","actions":{"Append_to_string_variable_statusSeverityDescriptionText":{"runAfter":{},"type":"AppendToStringVariable","inputs":{"name":"statusSeverityDescriptionText","value":"@{items('Apply_to_each_DISTINCT_LineStatus')}\n"}}},"runAfter":{"Parse_JSON_DISTINCT_LineStatus":["Succeeded"]},"type":"Foreach"},"Set_variable_statusSeverityDescriptionText":{"runAfter":{"Compose_Statuses_TRIM_LineStatus":["Succeeded"]},"type":"SetVariable","inputs":{"name":"statusSeverityDescriptionText","value":"@{outputs('Compose_Statuses_TRIM_LineStatus')}"}}},"runAfter":{"Apply_to_each_lineStatuses":["Succeeded"]},"type":"Scope"},"_APILineItem":{"runAfter":{"Select":["Succeeded"]},"type":"SetVariable","inputs":{"name":"APILineItem","value":"@body('Select')"}}},"runAfter":{"Parse_JSON_TFL_API_Tube_Status_Result":["Succeeded"]},"type":"Foreach"},"Get_items_Tube_Status_SP_List":{"runAfter":{"Initialize_variable_reason":["Succeeded"]},"type":"OpenApiConnection","inputs":{"host":{"apiId":"/providers/Microsoft.PowerApps/apis/shared_sharepointonline","connectionName":"shared_sharepointonline","operationId":"GetItems"},"parameters":{"dataset":"https://leonarmstondev.sharepoint.com/sites/LondonTubes","table":"38bc48ed-c681-4e97-aeaa-10b701c6c6e7"},"authentication":"@parameters('$authentication')"}},"Initialize_variable_SPListItem_Array":{"runAfter":{"Initialize_variable_SPListName_String":["Succeeded"]},"type":"InitializeVariable","inputs":{"variables":[{"name":"SPListItem","type":"array"}]}},"Initialize_variable_APILineItem_Array":{"runAfter":{"Initialize_variable_SPListItem_Array":["Succeeded"]},"type":"InitializeVariable","inputs":{"variables":[{"name":"APILineItem","type":"array"}]}},"Initialize_variable_goodService_Boolean":{"runAfter":{"Initialize_variable_APILineItem_Array":["Succeeded"]},"type":"InitializeVariable","inputs":{"variables":[{"name":"goodService","type":"boolean"}]}},"Initialize_variable_statusSeverityDescription_Array":{"runAfter":{"Initialize_variable_statusSeverityDescriptionText_String":["Succeeded"]},"type":"InitializeVariable","inputs":{"variables":[{"name":"statusSeverityDescription","type":"array","value":[]}]}},"Initialize_variable_statusSeverityDescriptionText_String":{"runAfter":{"Initialize_variable_goodService_Boolean":["Succeeded"]},"type":"InitializeVariable","inputs":{"variables":[{"name":"statusSeverityDescriptionText","type":"string"}]}},"Initialize_variable_reason":{"runAfter":{"Initialize_variable_statusSeverityDescription_Array":["Succeeded"]},"type":"InitializeVariable","inputs":{"variables":[{"name":"reason","type":"string"}]}},"Compose_Weekend_JSON":{"runAfter":{"Get_items_Tube_Status_SP_List":["Succeeded"]},"type":"Compose","inputs":[{"$type":"Tfl.Api.Presentation.Entities.Line, Tfl.Api.Presentation.Entities","id":"bakerloo","name":"Bakerloo","modeName":"tube","disruptions":[],"created":"2020-07-28T15:40:06.853Z","modified":"2020-07-28T15:40:06.853Z","lineStatuses":[{"$type":"Tfl.Api.Presentation.Entities.LineStatus, Tfl.Api.Presentation.Entities","id":0,"statusSeverity":10,"statusSeverityDescription":"Good Service","created":"0001-01-01T00:00:00","validityPeriods":[]}],"routeSections":[],"serviceTypes":[{"$type":"Tfl.Api.Presentation.Entities.LineServiceTypeInfo, Tfl.Api.Presentation.Entities","name":"Regular","uri":"/Line/Route?ids=Bakerloo&serviceTypes=Regular"}],"crowding":{"$type":"Tfl.Api.Presentation.Entities.Crowding, Tfl.Api.Presentation.Entities"}},{"$type":"Tfl.Api.Presentation.Entities.Line, Tfl.Api.Presentation.Entities","id":"central","name":"Central","modeName":"tube","disruptions":[],"created":"2020-07-28T15:40:06.837Z","modified":"2020-07-28T15:40:06.837Z","lineStatuses":[{"$type":"Tfl.Api.Presentation.Entities.LineStatus, Tfl.Api.Presentation.Entities","id":0,"statusSeverity":10,"statusSeverityDescription":"Good Service","created":"0001-01-01T00:00:00","validityPeriods":[]}],"routeSections":[],"serviceTypes":[{"$type":"Tfl.Api.Presentation.Entities.LineServiceTypeInfo, Tfl.Api.Presentation.Entities","name":"Regular","uri":"/Line/Route?ids=Central&serviceTypes=Regular"},{"$type":"Tfl.Api.Presentation.Entities.LineServiceTypeInfo, Tfl.Api.Presentation.Entities","name":"Night","uri":"/Line/Route?ids=Central&serviceTypes=Night"}],"crowding":{"$type":"Tfl.Api.Presentation.Entities.Crowding, Tfl.Api.Presentation.Entities"}},{"$type":"Tfl.Api.Presentation.Entities.Line, Tfl.Api.Presentation.Entities","id":"circle","name":"Circle","modeName":"tube","disruptions":[],"created":"2020-07-28T15:40:06.853Z","modified":"2020-07-28T15:40:06.853Z","lineStatuses":[{"$type":"Tfl.Api.Presentation.Entities.LineStatus, Tfl.Api.Presentation.Entities","id":0,"statusSeverity":10,"statusSeverityDescription":"Good Service","created":"0001-01-01T00:00:00","validityPeriods":[]}],"routeSections":[],"serviceTypes":[{"$type":"Tfl.Api.Presentation.Entities.LineServiceTypeInfo, Tfl.Api.Presentation.Entities","name":"Regular","uri":"/Line/Route?ids=Circle&serviceTypes=Regular"}],"crowding":{"$type":"Tfl.Api.Presentation.Entities.Crowding, Tfl.Api.Presentation.Entities"}},{"$type":"Tfl.Api.Presentation.Entities.Line, Tfl.Api.Presentation.Entities","id":"district","name":"District","modeName":"tube","disruptions":[],"created":"2020-07-28T15:40:06.853Z","modified":"2020-07-28T15:40:06.853Z","lineStatuses":[{"$type":"Tfl.Api.Presentation.Entities.LineStatus, Tfl.Api.Presentation.Entities","id":0,"lineId":"district","statusSeverity":5,"statusSeverityDescription":"Part Closure","reason":"DISTRICT LINE: Saturday 1 and Sunday 2 August, no service between Tower Hill and West Ham. Replacement buses operate.","created":"0001-01-01T00:00:00","validityPeriods":[{"$type":"Tfl.Api.Presentation.Entities.ValidityPeriod, Tfl.Api.Presentation.Entities","fromDate":"2020-08-01T04:30:00Z","toDate":"2020-08-03T01:29:00Z","isNow":false}],"disruption":{"$type":"Tfl.Api.Presentation.Entities.Disruption, Tfl.Api.Presentation.Entities","category":"PlannedWork","categoryDescription":"PlannedWork","description":"DISTRICT LINE: Saturday 1 and Sunday 2 August, no service between Tower Hill and West Ham. Replacement buses operate.","additionalInfo":"Replacement buses operate Service DL6: Tower Hill - Aldgate and Aldgate East - Whitechapel - Stepney Green - Mile End - Bow Road - Bromley-by-Bow - Canning Town (for Jubilee line and DLR connections to West Ham) - Barking.","created":"2020-06-22T13:20:00Z","affectedRoutes":[],"affectedStops":[],"closureText":"partClosure"}}],"routeSections":[],"serviceTypes":[{"$type":"Tfl.Api.Presentation.Entities.LineServiceTypeInfo, Tfl.Api.Presentation.Entities","name":"Regular","uri":"/Line/Route?ids=District&serviceTypes=Regular"}],"crowding":{"$type":"Tfl.Api.Presentation.Entities.Crowding, Tfl.Api.Presentation.Entities"}},{"$type":"Tfl.Api.Presentation.Entities.Line, Tfl.Api.Presentation.Entities","id":"dlr","name":"DLR","modeName":"dlr","disruptions":[],"created":"2020-07-28T15:40:06.853Z","modified":"2020-07-28T15:40:06.853Z","lineStatuses":[{"$type":"Tfl.Api.Presentation.Entities.LineStatus, Tfl.Api.Presentation.Entities","id":0,"statusSeverity":10,"statusSeverityDescription":"Good Service","created":"0001-01-01T00:00:00","validityPeriods":[]}],"routeSections":[],"serviceTypes":[{"$type":"Tfl.Api.Presentation.Entities.LineServiceTypeInfo, Tfl.Api.Presentation.Entities","name":"Regular","uri":"/Line/Route?ids=DLR&serviceTypes=Regular"}],"crowding":{"$type":"Tfl.Api.Presentation.Entities.Crowding, Tfl.Api.Presentation.Entities"}},{"$type":"Tfl.Api.Presentation.Entities.Line, Tfl.Api.Presentation.Entities","id":"hammersmith-city","name":"Hammersmith & City","modeName":"tube","disruptions":[],"created":"2020-07-28T15:40:06.853Z","modified":"2020-07-28T15:40:06.853Z","lineStatuses":[{"$type":"Tfl.Api.Presentation.Entities.LineStatus, Tfl.Api.Presentation.Entities","id":0,"lineId":"hammersmith-city","statusSeverity":4,"statusSeverityDescription":"Planned Closure","reason":"HAMMERSMITH & CITY LINE: Saturday 1 and Sunday 2 August, no service between Hammersmith and Barking. Replacement buses operate between Tower Hill and Barking via Canning Town.","created":"0001-01-01T00:00:00","validityPeriods":[{"$type":"Tfl.Api.Presentation.Entities.ValidityPeriod, Tfl.Api.Presentation.Entities","fromDate":"2020-08-01T04:30:00Z","toDate":"2020-08-03T01:29:00Z","isNow":false}],"disruption":{"$type":"Tfl.Api.Presentation.Entities.Disruption, Tfl.Api.Presentation.Entities","category":"PlannedWork","categoryDescription":"PlannedWork","description":"HAMMERSMITH & CITY LINE: Saturday 1 and Sunday 2 August, no service between Hammersmith and Barking. Replacement buses operate between Tower Hill and Barking via Canning Town.","additionalInfo":"Replacement buses operate Service DL6: Tower Hill - Aldgate and Aldgate East - Whitechapel - Stepney Green - Mile End - Bow Road - Bromley-by-Bow - Canning Town (for Jubilee line and DLR connections to West Ham) - Barking.","created":"2020-06-22T13:21:00Z","affectedRoutes":[],"affectedStops":[],"closureText":"plannedClosure"}}],"routeSections":[],"serviceTypes":[{"$type":"Tfl.Api.Presentation.Entities.LineServiceTypeInfo, Tfl.Api.Presentation.Entities","name":"Regular","uri":"/Line/Route?ids=Hammersmith & City&serviceTypes=Regular"}],"crowding":{"$type":"Tfl.Api.Presentation.Entities.Crowding, Tfl.Api.Presentation.Entities"}},{"$type":"Tfl.Api.Presentation.Entities.Line, Tfl.Api.Presentation.Entities","id":"jubilee","name":"Jubilee","modeName":"tube","disruptions":[],"created":"2020-07-28T15:40:06.853Z","modified":"2020-07-28T15:40:06.853Z","lineStatuses":[{"$type":"Tfl.Api.Presentation.Entities.LineStatus, Tfl.Api.Presentation.Entities","id":0,"statusSeverity":10,"statusSeverityDescription":"Good Service","created":"0001-01-01T00:00:00","validityPeriods":[]}],"routeSections":[],"serviceTypes":[{"$type":"Tfl.Api.Presentation.Entities.LineServiceTypeInfo, Tfl.Api.Presentation.Entities","name":"Regular","uri":"/Line/Route?ids=Jubilee&serviceTypes=Regular"},{"$type":"Tfl.Api.Presentation.Entities.LineServiceTypeInfo, Tfl.Api.Presentation.Entities","name":"Night","uri":"/Line/Route?ids=Jubilee&serviceTypes=Night"}],"crowding":{"$type":"Tfl.Api.Presentation.Entities.Crowding, Tfl.Api.Presentation.Entities"}},{"$type":"Tfl.Api.Presentation.Entities.Line, Tfl.Api.Presentation.Entities","id":"london-overground","name":"London Overground","modeName":"overground","disruptions":[],"created":"2020-07-28T15:40:06.853Z","modified":"2020-07-28T15:40:06.853Z","lineStatuses":[{"$type":"Tfl.Api.Presentation.Entities.LineStatus, Tfl.Api.Presentation.Entities","id":0,"lineId":"london-overground","statusSeverity":5,"statusSeverityDescription":"Part Closed","reason":"LONDON OVERGROUND: Saturday 1 and Sunday 2 August, no service between Highbury & Islington and New Cross / Clapham Junction / Crystal Palace / West Croydon. Use alternative London Overground services between Highbury & Islington and Dalston Kingsland. Replacement buses operate between Dalston Kingsland and New Cross Gate, and between Canada Water and Clapham Junction. On Saturday, Southern trains operate as normal south of New Cross Gate but on Sunday a limited Southern train service operates between New Cross Gate and East Croydon, calling at all stations, between 0830 and 1930 only, there will be no service outside these times, and no replacement buses. For Crystal Palace, change at Anerley for London Buses services, for West Croydon, use Tramlink from East Croydon.","created":"0001-01-01T00:00:00","validityPeriods":[{"$type":"Tfl.Api.Presentation.Entities.ValidityPeriod, Tfl.Api.Presentation.Entities","fromDate":"2020-08-01T04:30:00Z","toDate":"2020-08-03T01:29:00Z","isNow":false}],"disruption":{"$type":"Tfl.Api.Presentation.Entities.Disruption, Tfl.Api.Presentation.Entities","category":"PlannedWork","categoryDescription":"PlannedWork","description":"LONDON OVERGROUND: Saturday 1 and Sunday 2 August, no service between Highbury & Islington and New Cross / Clapham Junction / Crystal Palace / West Croydon. Use alternative London Overground services between Highbury & Islington and Dalston Kingsland. Replacement buses operate between Dalston Kingsland and New Cross Gate, and between Canada Water and Clapham Junction. On Saturday, Southern trains operate as normal south of New Cross Gate but on Sunday a limited Southern train service operates between New Cross Gate and East Croydon, calling at all stations, between 0830 and 1930 only, there will be no service outside these times, and no replacement buses. For Crystal Palace, change at Anerley for London Buses services, for West Croydon, use Tramlink from East Croydon.","additionalInfo":"Replacement buses operate:Service M: Canada Water - Surrey Quays - Queens Road Peckham - Peckham Rye - Denmark Hill - Clapham High Street - Wandsworth Road - Clapham Junction.Service X: Dalston Kingsland - Dalston Junction - Haggerston - Hoxton - Shoreditch High Street - Whitechapel (for local London Buses Route D3 to Shadwell and Wapping) - Tower Gateway DLR - Bermondsey (Jubilee line and for local London Buses 381 and C10 to Rotherhithe) - Canada Water - Surrey Quays - Deptford Bridge DLR - New Cross - New Cross Gate.","created":"2020-07-20T12:01:00Z","affectedRoutes":[],"affectedStops":[],"closureText":"partClosure"}},{"$type":"Tfl.Api.Presentation.Entities.LineStatus, Tfl.Api.Presentation.Entities","id":0,"lineId":"london-overground","statusSeverity":5,"statusSeverityDescription":"Part Closure","reason":"LONDON OVERGROUND: Saturday 1 and Sunday 2 August, no service between Highbury & Islington and New Cross / Clapham Junction / Crystal Palace / West Croydon. Use alternative London Overground services between Highbury & Islington and Dalston Kingsland, and Southern services between New Cross Gate and West Croydon / Crystal Palace. Replacement buses operate between Dalston Kingsland and New Cross Gate, and between Canada Water and Clapham Junction.","created":"0001-01-01T00:00:00","validityPeriods":[{"$type":"Tfl.Api.Presentation.Entities.ValidityPeriod, Tfl.Api.Presentation.Entities","fromDate":"2020-08-01T04:30:00Z","toDate":"2020-08-03T01:29:00Z","isNow":false}],"disruption":{"$type":"Tfl.Api.Presentation.Entities.Disruption, Tfl.Api.Presentation.Entities","category":"PlannedWork","categoryDescription":"PlannedWork","description":"LONDON OVERGROUND: Saturday 1 and Sunday 2 August, no service between Highbury & Islington and New Cross / Clapham Junction / Crystal Palace / West Croydon. Use alternative London Overground services between Highbury & Islington and Dalston Kingsland, and Southern services between New Cross Gate and West Croydon / Crystal Palace. Replacement buses operate between Dalston Kingsland and New Cross Gate, and between Canada Water and Clapham Junction.","additionalInfo":"Replacement buses operate:Service M: Canada Water - Surrey Quays - Queens Road Peckham - Peckham Rye - Denmark Hill - Clapham High Street - Wandsworth Road - Clapham Junction.Service X: Dalston Kingsland - Dalston Junction - Haggerston - Hoxton - Shoreditch High Street - Whitechapel (for local London Buses Route D3 to Shadwell and Wapping) - Tower Gateway DLR - Bermondsey (Jubilee line and for local London Buses 381 and C10 to Rotherhithe) - Canada Water - Surrey Quays - Deptford Bridge DLR - New Cross - New Cross Gate.","created":"2020-07-20T11:59:00Z","affectedRoutes":[],"affectedStops":[],"closureText":"partClosure"}},{"$type":"Tfl.Api.Presentation.Entities.LineStatus, Tfl.Api.Presentation.Entities","id":0,"lineId":"london-overground","statusSeverity":5,"statusSeverityDescription":"Part Closure","reason":"LONDON OVERGROUND: Saturday 1 and Sunday 2 August, no service between Liverpool Street and Enfield Town / Cheshunt. Use local London Buses and London Underground connections between Liverpool Street and Seven Sisters. Replacement buses operate between Seven Sisters and Enfield Town / Cheshunt.","created":"0001-01-01T00:00:00","validityPeriods":[{"$type":"Tfl.Api.Presentation.Entities.ValidityPeriod, Tfl.Api.Presentation.Entities","fromDate":"2020-08-01T04:30:00Z","toDate":"2020-08-03T01:29:00Z","isNow":false}],"disruption":{"$type":"Tfl.Api.Presentation.Entities.Disruption, Tfl.Api.Presentation.Entities","category":"PlannedWork","categoryDescription":"PlannedWork","description":"LONDON OVERGROUND: Saturday 1 and Sunday 2 August, no service between Liverpool Street and Enfield Town / Cheshunt. Use local London Buses and London Underground connections between Liverpool Street and Seven Sisters. Replacement buses operate between Seven Sisters and Enfield Town / Cheshunt.","additionalInfo":"Replacement bus services operateService L1: Seven Sisters - Bruce Grove - White Hart Lane - Silver Street - Edmonton Green - Bush Hill Park (Great Cambridge Road) - Enfield TownService L2: Seven Sisters - Bruce Grove - White Hart Lane - Silver Street - Edmonton Green - Bush Hill Park (Great Cambridge Road) - Southbury - Turkey Street - Theobalds Grove - Cheshunt","created":"2020-07-20T12:03:00Z","affectedRoutes":[],"affectedStops":[],"closureText":"partClosure"}}],"routeSections":[],"serviceTypes":[{"$type":"Tfl.Api.Presentation.Entities.LineServiceTypeInfo, Tfl.Api.Presentation.Entities","name":"Regular","uri":"/Line/Route?ids=London Overground&serviceTypes=Regular"},{"$type":"Tfl.Api.Presentation.Entities.LineServiceTypeInfo, Tfl.Api.Presentation.Entities","name":"Night","uri":"/Line/Route?ids=London Overground&serviceTypes=Night"}],"crowding":{"$type":"Tfl.Api.Presentation.Entities.Crowding, Tfl.Api.Presentation.Entities"}},{"$type":"Tfl.Api.Presentation.Entities.Line, Tfl.Api.Presentation.Entities","id":"metropolitan","name":"Metropolitan","modeName":"tube","disruptions":[],"created":"2020-07-28T15:40:06.853Z","modified":"2020-07-28T15:40:06.853Z","lineStatuses":[{"$type":"Tfl.Api.Presentation.Entities.LineStatus, Tfl.Api.Presentation.Entities","id":0,"statusSeverity":10,"statusSeverityDescription":"Good Service","created":"0001-01-01T00:00:00","validityPeriods":[]}],"routeSections":[],"serviceTypes":[{"$type":"Tfl.Api.Presentation.Entities.LineServiceTypeInfo, Tfl.Api.Presentation.Entities","name":"Regular","uri":"/Line/Route?ids=Metropolitan&serviceTypes=Regular"}],"crowding":{"$type":"Tfl.Api.Presentation.Entities.Crowding, Tfl.Api.Presentation.Entities"}},{"$type":"Tfl.Api.Presentation.Entities.Line, Tfl.Api.Presentation.Entities","id":"northern","name":"Northern","modeName":"tube","disruptions":[],"created":"2020-07-28T15:40:06.837Z","modified":"2020-07-28T15:40:06.837Z","lineStatuses":[{"$type":"Tfl.Api.Presentation.Entities.LineStatus, Tfl.Api.Presentation.Entities","id":0,"statusSeverity":10,"statusSeverityDescription":"Good Service","created":"0001-01-01T00:00:00","validityPeriods":[]}],"routeSections":[],"serviceTypes":[{"$type":"Tfl.Api.Presentation.Entities.LineServiceTypeInfo, Tfl.Api.Presentation.Entities","name":"Regular","uri":"/Line/Route?ids=Northern&serviceTypes=Regular"},{"$type":"Tfl.Api.Presentation.Entities.LineServiceTypeInfo, Tfl.Api.Presentation.Entities","name":"Night","uri":"/Line/Route?ids=Northern&serviceTypes=Night"}],"crowding":{"$type":"Tfl.Api.Presentation.Entities.Crowding, Tfl.Api.Presentation.Entities"}},{"$type":"Tfl.Api.Presentation.Entities.Line, Tfl.Api.Presentation.Entities","id":"piccadilly","name":"Piccadilly","modeName":"tube","disruptions":[],"created":"2020-07-28T15:40:06.853Z","modified":"2020-07-28T15:40:06.853Z","lineStatuses":[{"$type":"Tfl.Api.Presentation.Entities.LineStatus, Tfl.Api.Presentation.Entities","id":0,"statusSeverity":10,"statusSeverityDescription":"Good Service","created":"0001-01-01T00:00:00","validityPeriods":[]}],"routeSections":[],"serviceTypes":[{"$type":"Tfl.Api.Presentation.Entities.LineServiceTypeInfo, Tfl.Api.Presentation.Entities","name":"Regular","uri":"/Line/Route?ids=Piccadilly&serviceTypes=Regular"},{"$type":"Tfl.Api.Presentation.Entities.LineServiceTypeInfo, Tfl.Api.Presentation.Entities","name":"Night","uri":"/Line/Route?ids=Piccadilly&serviceTypes=Night"}],"crowding":{"$type":"Tfl.Api.Presentation.Entities.Crowding, Tfl.Api.Presentation.Entities"}},{"$type":"Tfl.Api.Presentation.Entities.Line, Tfl.Api.Presentation.Entities","id":"tfl-rail","name":"TfL Rail","modeName":"tflrail","disruptions":[],"created":"2020-07-28T15:40:06.853Z","modified":"2020-07-28T15:40:06.853Z","lineStatuses":[{"$type":"Tfl.Api.Presentation.Entities.LineStatus, Tfl.Api.Presentation.Entities","id":0,"statusSeverity":10,"statusSeverityDescription":"Good Service","created":"0001-01-01T00:00:00","validityPeriods":[]}],"routeSections":[],"serviceTypes":[{"$type":"Tfl.Api.Presentation.Entities.LineServiceTypeInfo, Tfl.Api.Presentation.Entities","name":"Regular","uri":"/Line/Route?ids=TfL Rail&serviceTypes=Regular"}],"crowding":{"$type":"Tfl.Api.Presentation.Entities.Crowding, Tfl.Api.Presentation.Entities"}},{"$type":"Tfl.Api.Presentation.Entities.Line, Tfl.Api.Presentation.Entities","id":"tram","name":"Tram","modeName":"tram","disruptions":[],"created":"2020-07-28T15:40:06.853Z","modified":"2020-07-28T15:40:06.853Z","lineStatuses":[{"$type":"Tfl.Api.Presentation.Entities.LineStatus, Tfl.Api.Presentation.Entities","id":0,"statusSeverity":10,"statusSeverityDescription":"Good Service","created":"0001-01-01T00:00:00","validityPeriods":[]}],"routeSections":[],"serviceTypes":[{"$type":"Tfl.Api.Presentation.Entities.LineServiceTypeInfo, Tfl.Api.Presentation.Entities","name":"Regular","uri":"/Line/Route?ids=Tram&serviceTypes=Regular"}],"crowding":{"$type":"Tfl.Api.Presentation.Entities.Crowding, Tfl.Api.Presentation.Entities"}},{"$type":"Tfl.Api.Presentation.Entities.Line, Tfl.Api.Presentation.Entities","id":"victoria","name":"Victoria","modeName":"tube","disruptions":[],"created":"2020-07-28T15:40:06.867Z","modified":"2020-07-28T15:40:06.867Z","lineStatuses":[{"$type":"Tfl.Api.Presentation.Entities.LineStatus, Tfl.Api.Presentation.Entities","id":0,"statusSeverity":10,"statusSeverityDescription":"Good Service","created":"0001-01-01T00:00:00","validityPeriods":[]}],"routeSections":[],"serviceTypes":[{"$type":"Tfl.Api.Presentation.Entities.LineServiceTypeInfo, Tfl.Api.Presentation.Entities","name":"Regular","uri":"/Line/Route?ids=Victoria&serviceTypes=Regular"},{"$type":"Tfl.Api.Presentation.Entities.LineServiceTypeInfo, Tfl.Api.Presentation.Entities","name":"Night","uri":"/Line/Route?ids=Victoria&serviceTypes=Night"}],"crowding":{"$type":"Tfl.Api.Presentation.Entities.Crowding, Tfl.Api.Presentation.Entities"}},{"$type":"Tfl.Api.Presentation.Entities.Line, Tfl.Api.Presentation.Entities","id":"waterloo-city","name":"Waterloo & City","modeName":"tube","disruptions":[],"created":"2020-07-28T15:40:06.853Z","modified":"2020-07-28T15:40:06.853Z","lineStatuses":[{"$type":"Tfl.Api.Presentation.Entities.LineStatus, Tfl.Api.Presentation.Entities","id":0,"lineId":"waterloo-city","statusSeverity":4,"statusSeverityDescription":"Planned Closure","reason":"WATERLOO & CITY LINE: No service until further notice.","created":"0001-01-01T00:00:00","validityPeriods":[{"$type":"Tfl.Api.Presentation.Entities.ValidityPeriod, Tfl.Api.Presentation.Entities","fromDate":"2020-07-20T09:55:00Z","toDate":"2020-12-31T01:29:00Z","isNow":false}],"disruption":{"$type":"Tfl.Api.Presentation.Entities.Disruption, Tfl.Api.Presentation.Entities","category":"PlannedWork","categoryDescription":"PlannedWork","description":"WATERLOO & CITY LINE: No service until further notice.","created":"2020-07-20T09:55:00Z","affectedRoutes":[],"affectedStops":[],"closureText":"plannedClosure"}}],"routeSections":[],"serviceTypes":[{"$type":"Tfl.Api.Presentation.Entities.LineServiceTypeInfo, Tfl.Api.Presentation.Entities","name":"Regular","uri":"/Line/Route?ids=Waterloo & City&serviceTypes=Regular"}],"crowding":{"$type":"Tfl.Api.Presentation.Entities.Crowding, Tfl.Api.Presentation.Entities"}}]},"HTTP_-_TFL_API_Tube_Status":{"runAfter":{"Compose_Weekend_JSON":["Succeeded"]},"type":"Http","inputs":{"method":"GET","uri":"https://api.tfl.gov.uk/Line/Mode/tube,dlr,overground,tflrail,tram/Status"}},"Initialize_variable_SPSiteUrl_String":{"runAfter":{},"type":"InitializeVariable","inputs":{"variables":[{"name":"SPSiteUrl","type":"string","value":"https://leonarmstondev.sharepoint.com/sites/LondonTubes"}]}},"Initialize_variable_SPListName_String":{"runAfter":{"Initialize_variable_SPSiteUrl_String":["Succeeded"]},"type":"InitializeVariable","inputs":{"variables":[{"name":"SPListName","type":"string","value":"Tube Status"}]}}}},"connectionReferences":{"shared_sharepointonline":{"connectionName":"90271e77a5784affa7bbdd7cdc16f4ed","source":"Embedded","id":"/providers/Microsoft.PowerApps/apis/shared_sharepointonline","tier":"NotSpecified"}},"flowFailureAlertSubscribed":false}}