{"name":"de48a871-4ba3-4f6b-88c7-e175ab007f47","id":"/providers/Microsoft.Flow/flows/de48a871-4ba3-4f6b-88c7-e175ab007f47","type":"Microsoft.Flow/flows","properties":{"apiId":"/providers/Microsoft.PowerApps/apis/shared_logicflows","displayName":"DeploySPList - London Tubes","definition":{"metadata":{"workflowEntityId":null,"flowclientsuspensionreason":"None","flowclientsuspensiontime":null,"creator":{"id":"08a5b26d-e908-49af-b8c6-e84d06beda87","type":"User","tenantId":"d2af3166-e76b-4d03-9942-fbc79d6b69f9"},"provisioningMethod":"FromDefinition","failureAlertSubscription":true,"clientLastModifiedTime":"2020-08-24T15:06:57.9781113Z"},"$schema":"https://schema.management.azure.com/providers/Microsoft.Logic/schemas/2016-06-01/workflowdefinition.json#","contentVersion":"1.0.0.0","parameters":{"$connections":{"defaultValue":{},"type":"Object"},"$authentication":{"defaultValue":{},"type":"SecureObject"}},"triggers":{"manual":{"type":"Request","kind":"Button","inputs":{"schema":{"type":"object","properties":{},"required":[]}}}},"actions":{"Initialize_variable_-_Target_Site_for_Lists":{"runAfter":{},"type":"InitializeVariable","inputs":{"variables":[{"name":"varSitePrefix","type":"string","value":"https://leonarmstondev.sharepoint.com/sites/LondonTubes"}]},"description":"Internal URL for the site (rather than the display name)"},"Initialize_variable_-_List_Name":{"runAfter":{"Initialize_variable_-_Target_Site_for_Lists":["Succeeded"]},"type":"InitializeVariable","inputs":{"variables":[{"name":"varListName","type":"string","value":"Tube Status"}]}},"Scope_-_Tube_Status_List":{"actions":{"Send_an_HTTP_request_to_SharePoint_Create_Tube_Status_List":{"runAfter":{},"type":"OpenApiConnection","inputs":{"host":{"apiId":"/providers/Microsoft.PowerApps/apis/shared_sharepointonline","connectionName":"shared_sharepointonline","operationId":"HttpRequest"},"parameters":{"dataset":"@variables('varSitePrefix')","parameters/method":"POST","parameters/uri":"/_api/web/lists","parameters/headers":{"Accept":"application/json;odata=verbose","Content-Type":"application/json;odata=verbose"},"parameters/body":"{\n  \"__metadata\": {\"type\": \"SP.List\"},\n  \"AllowContentTypes\": true,\n  \"BaseTemplate\": 100,\n \"Description\": \"List to display the latest TFL status information pulled down from the TFL API via Power Automate. Solution by Leon Armston https://leonarmston.com\",\n\"EnableAttachments\": false,\n\"OnQuickLaunch\": false,\n \"Title\": \"@{replace(variables('varListName'), ' ', '')}\"\n}"},"authentication":{"value":"@json(decodeBase64(triggerOutputs().headers['X-MS-APIM-Tokens']))['$ConnectionKey']","type":"Raw"}},"description":"Creates List with no spaces in list name so list url has no spaces"},"Add_column_LineID_Single_Line_of_Text":{"runAfter":{"Rename_Title_Column_To_LineName":["Succeeded"]},"type":"OpenApiConnection","inputs":{"host":{"apiId":"/providers/Microsoft.PowerApps/apis/shared_sharepointonline","connectionName":"shared_sharepointonline","operationId":"HttpRequest"},"parameters":{"dataset":"@variables('varSitePrefix')","parameters/method":"POST","parameters/uri":"_api/lists/getbytitle('@{variables('varListName')}')/fields","parameters/headers":{"Accept":"application/json;odata=verbose","Content-Type":"application/json;odata=verbose"},"parameters/body":"{\n    '__metadata': {'type':'SP.FieldText', 'addToDefaultView': 'true' },\n    'FieldTypeKind': 2,\n    'Title': 'LineID'\n}"},"authentication":{"value":"@json(decodeBase64(triggerOutputs().headers['X-MS-APIM-Tokens']))['$ConnectionKey']","type":"Raw"}}},"Add_column_Reason_Multiple_Lines_of_Text":{"runAfter":{"Add_LineStatus_to_Default_View":["Succeeded"]},"type":"OpenApiConnection","inputs":{"host":{"apiId":"/providers/Microsoft.PowerApps/apis/shared_sharepointonline","connectionName":"shared_sharepointonline","operationId":"HttpRequest"},"parameters":{"dataset":"@variables('varSitePrefix')","parameters/method":"POST","parameters/uri":"_api/lists/getbytitle('@{variables('varListName')}')/fields","parameters/headers":{"Accept":"application/json;odata=verbose","Content-Type":"application/json;odata=verbose"},"parameters/body":"{\n    '__metadata': {'type':'SP.FieldMultiLineText', 'addToDefaultView': 'true' },\n    'FieldTypeKind': 3,\n    'Title': 'Reason',\n'NumberOfLines': '99'\n}"},"authentication":{"value":"@json(decodeBase64(triggerOutputs().headers['X-MS-APIM-Tokens']))['$ConnectionKey']","type":"Raw"}}},"Add_Column_LineStatus_Multiple_Lines_of_Text":{"runAfter":{"Add_LineID_to_Default_View":["Succeeded"]},"type":"OpenApiConnection","inputs":{"host":{"apiId":"/providers/Microsoft.PowerApps/apis/shared_sharepointonline","connectionName":"shared_sharepointonline","operationId":"HttpRequest"},"parameters":{"dataset":"@variables('varSitePrefix')","parameters/method":"POST","parameters/uri":"_api/lists/getbytitle('@{variables('varListName')}')/fields","parameters/headers":{"Accept":"application/json;odata=verbose","Content-Type":"application/json;odata=verbose"},"parameters/body":"{\n    '__metadata': {'type':'SP.Field', 'addToDefaultView': 'true' },\n    'FieldTypeKind': 3,\n    'Title': 'LineStatus'\n}"},"authentication":{"value":"@json(decodeBase64(triggerOutputs().headers['X-MS-APIM-Tokens']))['$ConnectionKey']","type":"Raw"}}},"Add_Column_ModeName_Single_Line_of_Text":{"runAfter":{"Add_Good_Service_to_Default_View":["Succeeded"]},"type":"OpenApiConnection","inputs":{"host":{"apiId":"/providers/Microsoft.PowerApps/apis/shared_sharepointonline","connectionName":"shared_sharepointonline","operationId":"HttpRequest"},"parameters":{"dataset":"@variables('varSitePrefix')","parameters/method":"POST","parameters/uri":"_api/lists/getbytitle('@{variables('varListName')}')/fields","parameters/headers":{"Accept":"application/json;odata=verbose","Content-Type":"application/json;odata=verbose"},"parameters/body":"{\n    '__metadata': {'type':'SP.FieldText'},\n    'FieldTypeKind': 2,\n    'Title': 'ModeName'\n}"},"authentication":{"value":"@json(decodeBase64(triggerOutputs().headers['X-MS-APIM-Tokens']))['$ConnectionKey']","type":"Raw"}}},"Add_LineID_to_Default_View":{"runAfter":{"Add_column_LineID_Single_Line_of_Text":["Succeeded"]},"type":"OpenApiConnection","inputs":{"host":{"apiId":"/providers/Microsoft.PowerApps/apis/shared_sharepointonline","connectionName":"shared_sharepointonline","operationId":"HttpRequest"},"parameters":{"dataset":"@variables('varSitePrefix')","parameters/method":"POST","parameters/uri":"_api/web/lists/GetByTitle('@{variables('varListName')}')/views/getbytitle('All Items')/ViewFields/AddViewField('LineID')","parameters/headers":{"accept":"application/json;odata=verbose","content-Type":"application/json;odata=verbose"}},"authentication":{"value":"@json(decodeBase64(triggerOutputs().headers['X-MS-APIM-Tokens']))['$ConnectionKey']","type":"Raw"}}},"Add_LineStatus_to_Default_View":{"runAfter":{"Add_Column_LineStatus_Multiple_Lines_of_Text":["Succeeded"]},"type":"OpenApiConnection","inputs":{"host":{"apiId":"/providers/Microsoft.PowerApps/apis/shared_sharepointonline","connectionName":"shared_sharepointonline","operationId":"HttpRequest"},"parameters":{"dataset":"@variables('varSitePrefix')","parameters/method":"POST","parameters/uri":"_api/web/lists/GetByTitle('@{variables('varListName')}')/views/getbytitle('All Items')/ViewFields/AddViewField('LineStatus')","parameters/headers":{"accept":"application/json;odata=verbose","content-Type":"application/json;odata=verbose"}},"authentication":{"value":"@json(decodeBase64(triggerOutputs().headers['X-MS-APIM-Tokens']))['$ConnectionKey']","type":"Raw"}}},"Add_Reason_to_Default_View":{"runAfter":{"Add_column_Reason_Multiple_Lines_of_Text":["Succeeded"]},"type":"OpenApiConnection","inputs":{"host":{"apiId":"/providers/Microsoft.PowerApps/apis/shared_sharepointonline","connectionName":"shared_sharepointonline","operationId":"HttpRequest"},"parameters":{"dataset":"@variables('varSitePrefix')","parameters/method":"POST","parameters/uri":"_api/web/lists/GetByTitle('@{variables('varListName')}')/views/getbytitle('All Items')/ViewFields/AddViewField('Reason')","parameters/headers":{"accept":"application/json;odata=verbose","content-Type":"application/json;odata=verbose"}},"authentication":{"value":"@json(decodeBase64(triggerOutputs().headers['X-MS-APIM-Tokens']))['$ConnectionKey']","type":"Raw"}}},"Add_ModeName_to_Default_View":{"runAfter":{"Add_Column_ModeName_Single_Line_of_Text":["Succeeded"]},"type":"OpenApiConnection","inputs":{"host":{"apiId":"/providers/Microsoft.PowerApps/apis/shared_sharepointonline","connectionName":"shared_sharepointonline","operationId":"HttpRequest"},"parameters":{"dataset":"@variables('varSitePrefix')","parameters/method":"POST","parameters/uri":"_api/web/lists/GetByTitle('@{variables('varListName')}')/views/getbytitle('All Items')/ViewFields/AddViewField('ModeName')","parameters/headers":{"accept":"application/json;odata=verbose","content-Type":"application/json;odata=verbose"}},"authentication":{"value":"@json(decodeBase64(triggerOutputs().headers['X-MS-APIM-Tokens']))['$ConnectionKey']","type":"Raw"}}},"Add_Column_Good_Service_Boolean":{"runAfter":{"Add_Reason_to_Default_View":["Succeeded"]},"type":"OpenApiConnection","inputs":{"host":{"apiId":"/providers/Microsoft.PowerApps/apis/shared_sharepointonline","connectionName":"shared_sharepointonline","operationId":"HttpRequest"},"parameters":{"dataset":"@variables('varSitePrefix')","parameters/method":"POST","parameters/uri":"_api/lists/getbytitle('@{variables('varListName')}')/fields","parameters/headers":{"Accept":"application/json;odata=verbose","Content-Type":"application/json;odata=verbose"},"parameters/body":"{\n    '__metadata': {'type':'SP.Field', 'addToDefaultView': 'true' },\n    'FieldTypeKind': 8,\n    'Title': 'GoodService'\n}"},"authentication":{"value":"@json(decodeBase64(triggerOutputs().headers['X-MS-APIM-Tokens']))['$ConnectionKey']","type":"Raw"}}},"Add_Good_Service_to_Default_View":{"runAfter":{"Add_Column_Good_Service_Boolean":["Succeeded"]},"type":"OpenApiConnection","inputs":{"host":{"apiId":"/providers/Microsoft.PowerApps/apis/shared_sharepointonline","connectionName":"shared_sharepointonline","operationId":"HttpRequest"},"parameters":{"dataset":"@variables('varSitePrefix')","parameters/method":"POST","parameters/uri":"_api/web/lists/GetByTitle('@{variables('varListName')}')/views/getbytitle('All Items')/ViewFields/AddViewField('GoodService')","parameters/headers":{"accept":"application/json;odata=verbose","content-Type":"application/json;odata=verbose"}},"authentication":{"value":"@json(decodeBase64(triggerOutputs().headers['X-MS-APIM-Tokens']))['$ConnectionKey']","type":"Raw"}}},"Set_Default_View's_View_Formatting_and_Sort_Order":{"runAfter":{"Add_ModeName_to_Default_View":["Succeeded"]},"type":"OpenApiConnection","inputs":{"host":{"apiId":"/providers/Microsoft.PowerApps/apis/shared_sharepointonline","connectionName":"shared_sharepointonline","operationId":"HttpRequest"},"parameters":{"dataset":"@variables('varSitePrefix')","parameters/method":"POST","parameters/uri":"_api/web/lists/GetByTitle('@{variables('varListName')}')/views/getByTitle('All Items')","parameters/headers":{"accept":"application/json;odata=verbose","content-Type":"application/json;odata=verbose","IF-MATCH":"*","X-HTTP-Method":"PATCH"},"parameters/body":"{'__metadata':{'type': 'SP.View'},'ViewQuery':'<OrderBy><FieldRef Name=\\\"GoodService\\\" /><FieldRef Name=\\\"Title\\\" /></OrderBy>', 'CustomFormatter': '@{outputs('Compose_replace_apostrophe_with_slash_apostrophe_in_JSON')}', 'Title': 'All Modes'}"},"authentication":{"value":"@json(decodeBase64(triggerOutputs().headers['X-MS-APIM-Tokens']))['$ConnectionKey']","type":"Raw"}}},"Create_All_Items_(No_Styling_View)":{"runAfter":{"Create_Tubes_Only_View":["Succeeded"]},"type":"OpenApiConnection","inputs":{"host":{"apiId":"/providers/Microsoft.PowerApps/apis/shared_sharepointonline","connectionName":"shared_sharepointonline","operationId":"HttpRequest"},"parameters":{"dataset":"@variables('varSitePrefix')","parameters/method":"POST","parameters/uri":"_api/web/lists/GetByTitle('@{variables('varListName')}')/views","parameters/headers":{"accept":"application/json;odata=verbose","content-Type":"application/json;odata=verbose"},"parameters/body":"{'__metadata':{'type': 'SP.View'},'ViewType': 'HTML','Title':'All Modes (No Styling)','PersonalView':false,'ViewQuery':'<OrderBy><FieldRef Name=\\\"GoodService\\\" /><FieldRef Name=\\\"Title\\\" /></OrderBy>', 'MobileView': true}"},"authentication":{"value":"@json(decodeBase64(triggerOutputs().headers['X-MS-APIM-Tokens']))['$ConnectionKey']","type":"Raw"}}},"Rename_Title_Column_To_LineName":{"runAfter":{"Rename_Tube_Status_List_Back_To_Original_Name_(With_Spaces)":["Succeeded"]},"type":"OpenApiConnection","inputs":{"host":{"apiId":"/providers/Microsoft.PowerApps/apis/shared_sharepointonline","connectionName":"shared_sharepointonline","operationId":"HttpRequest"},"parameters":{"dataset":"@variables('varSitePrefix')","parameters/method":"POST","parameters/uri":"_api/web/lists/GetByTitle('@{variables('varListName')}')/fields/getbytitle('Title')","parameters/headers":{"accept":"application/json;odata=verbose","content-Type":"application/json;odata=verbose","IF-MATCH":"*","X-HTTP-Method":"PATCH"},"parameters/body":"{'__metadata':{'type': 'SP.FieldText'},'Title': 'LineName'}"},"authentication":{"value":"@json(decodeBase64(triggerOutputs().headers['X-MS-APIM-Tokens']))['$ConnectionKey']","type":"Raw"}}},"Rename_Tube_Status_List_Back_To_Original_Name_(With_Spaces)":{"runAfter":{"Send_an_HTTP_request_to_SharePoint_Create_Tube_Status_List":["Succeeded"]},"type":"OpenApiConnection","inputs":{"host":{"apiId":"/providers/Microsoft.PowerApps/apis/shared_sharepointonline","connectionName":"shared_sharepointonline","operationId":"HttpRequest"},"parameters":{"dataset":"@variables('varSitePrefix')","parameters/method":"POST","parameters/uri":"/_api/web/lists/getbyTitle('@{replace(variables('varListName'), ' ', '')}')","parameters/headers":{"accept":"application/json;odata=verbose","content-type":"application/json;odata=verbose","IF-MATCH":"*","X-HTTP-Method":"MERGE"},"parameters/body":"{\n    \"__metadata\": {\n        \"type\": \"SP.List\"\n    },\n    \"Title\": \"@{variables('varListName')}\"\n}"},"authentication":{"value":"@json(decodeBase64(triggerOutputs().headers['X-MS-APIM-Tokens']))['$ConnectionKey']","type":"Raw"}}},"Create_Tubes_Only_View":{"runAfter":{"Set_Default_View's_View_Formatting_and_Sort_Order":["Succeeded"]},"type":"OpenApiConnection","inputs":{"host":{"apiId":"/providers/Microsoft.PowerApps/apis/shared_sharepointonline","connectionName":"shared_sharepointonline","operationId":"HttpRequest"},"parameters":{"dataset":"@variables('varSitePrefix')","parameters/method":"POST","parameters/uri":"_api/web/lists/GetByTitle('@{variables('varListName')}')/views","parameters/headers":{"accept":"application/json;odata=verbose","content-Type":"application/json;odata=verbose"},"parameters/body":"{'__metadata':{'type': 'SP.View'},'ViewType': 'HTML','Title':'Tubes Only','PersonalView':false,'ViewQuery':'<OrderBy><FieldRef Name=\\\"GoodService\\\" /><FieldRef Name=\\\"Title\\\" /></OrderBy><Where><Eq><FieldRef Name=\\\"ModeName\\\" /><Value Type=\\\"Text\\\">Tube</Value></Eq></Where>', 'CustomFormatter': '@{outputs('Compose_replace_apostrophe_with_slash_apostrophe_in_JSON')}','MobileView': true}"},"authentication":{"value":"@json(decodeBase64(triggerOutputs().headers['X-MS-APIM-Tokens']))['$ConnectionKey']","type":"Raw"}}}},"runAfter":{"Compose_replace_apostrophe_with_slash_apostrophe_in_JSON":["Succeeded"]},"type":"Scope"},"Initialize_variable_JSON_viewFormatting_All_Items":{"runAfter":{"Initialize_variable_-_List_Name":["Succeeded"]},"type":"InitializeVariable","inputs":{"variables":[{"name":"JSON","type":"string","value":"{\n  \"schema\": \"https://developer.microsoft.com/json-schemas/sp/view-formatting.schema.json\",\n  \"debugMode\": false,\n  \"hideSelection\": true,\n  \"hideColumnHeader\": true,\n  \"rowFormatter\": {\n    \"elmType\": \"div\",\n    \"style\": {\n      \"display\": \"table\",\n      \"overflow\": \"hidden\",\n      \"cursor\": \"pointer\"\n    },\n    \"children\": [\n      {\n        \"elmType\": \"div\",\n        \"txtContent\": \"[$Title]\",\n        \"attributes\": {\n          \"class\": \"=if([$LineID] == 'circle', ' ms-fontColor-black',if([$LineID] == 'hammersmith-city', 'ms-fontColor-black',if([$LineID] == 'victoria', ' ms-fontColor-black',if([$LineID] == 'waterloo-city', 'ms-fontColor-black',if([$LineID] == 'dlr', 'ms-fontColor-black',if([$LineID] == 'london-overground', 'ms-fontColor-black','ms-fontColor-white'))))))\"\n        },\n        \"style\": {\n          \"display\": \"=if([$LineStatus] == 'Good Service', 'table-cell','none')\",\n          \"background-color\": \"=if([$LineID] == 'bakerloo', '#894E24',if([$LineID] == 'central', '#DC241F',if([$LineID] == 'circle', '#FCCE00',if([$LineID] == 'district', '#007229',if([$LineID] == 'hammersmith-city', '#D799AF',if([$LineID] == 'jubilee', '#6A7278',if([$LineID] == 'metropolitan', '#751056',if([$LineID] == 'northern', '#000000',if([$LineID] == 'piccadilly', '#0019A8',if([$LineID] == 'victoria', '#00A0E2',if([$LineID] == 'waterloo-city', '#76D0BD',if([$LineID] == 'london-overground', '#E86A1C',if([$LineID] == 'dlr', '#00AFAD',if([$LineID] == 'tfl-rail', '#0019A8',if([$LineID] == 'tram', '#66CC00','#D29200')))))))))))))))\",\n          \"width\": \"170px\",\n          \"padding\": \"0px 2px 13px 6px\",\n          \"font-size\": \"16px\",\n          \"border-width\": \"1px\",\n          \"border-color\": \"#CCCCCC\",\n          \"border-style\": \"solid\",\n          \"vertical-align\": \"top\",\n          \"overflow\": \"hidden\",\n          \"outline-color\": \"#CCCCCC\",\n          \"cursor\": \"auto\"\n        }\n      },\n      {\n        \"elmType\": \"div\",\n        \"txtContent\": \"[$Title]\",\n        \"attributes\": {\n          \"class\": \"=if([$LineID] == 'circle', ' ms-fontColor-black',if([$LineID] == 'hammersmith-city', 'ms-fontColor-black',if([$LineID] == 'victoria', ' ms-fontColor-black',if([$LineID] == 'waterloo-city', 'ms-fontColor-black',if([$LineID] == 'dlr', 'ms-fontColor-black', if([$LineID] == 'london-overground','ms-fontColor-white'))))))\"\n        },\n        \"style\": {\n          \"display\": \"=if([$LineStatus] != 'Good Service', 'table-cell','none')\",\n          \"background-color\": \"=if([$LineID] == 'bakerloo', '#894E24',if([$LineID] == 'central', '#DC241F',if([$LineID] == 'circle', '#FCCE00',if([$LineID] == 'district', '#007229',if([$LineID] == 'hammersmith-city', '#D799AF',if([$LineID] == 'jubilee', '#6A7278',if([$LineID] == 'metropolitan', '#751056',if([$LineID] == 'northern', '#000000',if([$LineID] == 'piccadilly', '#0019A8',if([$LineID] == 'victoria', '#00A0E2',if([$LineID] == 'waterloo-city', '#76D0BD',if([$LineID] == 'london-overground', '#E86A1C',if([$LineID] == 'dlr', '#00AFAD',if([$LineID] == 'tfl-rail', '#0019A8',if([$LineID] == 'tram', '#66CC00','#D29200')))))))))))))))\",\n          \"width\": \"170px\",\n          \"padding\": \"0px 2px 0px 6px\",\n          \"font-size\": \"16px\",\n          \"border-width\": \"1px\",\n          \"border-color\": \"#CCCCCC\",\n          \"border-style\": \"solid\",\n          \"vertical-align\": \"top\",\n          \"overflow\": \"hidden\",\n          \"outline-color\": \"#CCCCCC\"\n        },\n        \"customCardProps\": {\n          \"openOnEvent\": \"click\",\n          \"directionalHint\": \"bottomCenter\",\n          \"isBeakVisible\": true,\n          \"formatter\": {\n            \"elmType\": \"div\",\n            \"children\": [\n              {\n                \"elmType\": \"div\",\n                \"children\": [\n                  {\n                    \"elmType\": \"div\",\n                    \"style\": {\n                      \"padding\": \"15px 45px 15px 15px\"\n                    },\n                    \"children\": [\n                      {\n                        \"elmType\": \"div\",\n                        \"children\": [\n                          {\n                            \"elmType\": \"div\",\n                            \"style\": {\n                              \"font-size\": \"18px\",\n                              \"font-weight\": \"550\",\n                              \"text-align\": \"center\",\n                              \"margin-bottom\": \"10px\"\n                            },\n                            \"txtContent\": \"[$Reason]\"\n                          }\n                        ]\n                      }\n                    ]\n                  }\n                ]\n              }\n            ]\n          }\n        }\n      },\n      {\n        \"elmType\": \"div\",\n        \"style\": {\n          \"display\": \"=if([$LineStatus] == 'Good Service', 'table-cell','none')\",\n          \"background-color\": \"#FFFFFF\",\n          \"min-width\": \"170px\",\n          \"padding-left\": \"10px\",\n          \"padding-right\": \"3px\",\n          \"font-size\": \"16px\",\n          \"border-width\": \"1px\",\n          \"border-color\": \"#CCCCCC\",\n          \"border-style\": \"solid\",\n          \"box-sizing\": \"border-box\",\n          \"overflow\": \"hidden\",\n          \"cursor\": \"auto\"\n        },\n        \"children\": [\n          {\n            \"elmType\": \"div\",\n            \"txtContent\": \"[$LineStatus]\",\n            \"style\": {\n              \"color\": \"#000000\",\n              \"font-size\": \"16px\",\n              \"display\": \"normal\",\n              \"float\": \"left\",\n              \"overflow\": \"hidden\"\n            },\n            \"attributes\": {\n              \"title\": \"[$LineStatus]\"\n            }\n          }\n        ]\n      },\n      {\n        \"elmType\": \"div\",\n        \"style\": {\n          \"display\": \"=if([$LineStatus] != 'Good Service', 'table-cell','none')\",\n          \"background-color\": \"#FAF5E1\",\n          \"min-width\": \"170px\",\n          \"padding-left\": \"10px\",\n          \"padding-right\": \"3px\",\n          \"font-size\": \"16px\",\n          \"border-width\": \"1px\",\n          \"border-color\": \"#CCCCCC\",\n          \"border-style\": \"solid\",\n          \"box-sizing\": \"border-box\",\n          \"overflow\": \"hidden\",\n          \"outline-color\": \"#CCCCCC\"\n        },\n        \"children\": [\n          {\n            \"elmType\": \"div\",\n            \"txtContent\": \"[$LineStatus]\",\n            \"style\": {\n              \"color\": \"#2070b0\",\n              \"font-size\": \"16px\",\n              \"display\": \"normal\",\n              \"float\": \"left\",\n              \"outline-color\": \"#CCCCCC\",\n              \"overflow\": \"hidden\"\n            },\n            \"attributes\": {\n              \"title\": \"[$LineStatus]\"\n            },\n            \"customCardProps\": {\n              \"openOnEvent\": \"click\",\n              \"directionalHint\": \"bottomCenter\",\n              \"isBeakVisible\": true,\n              \"formatter\": {\n                \"elmType\": \"div\",\n                \"children\": [\n                  {\n                    \"elmType\": \"div\",\n                    \"children\": [\n                      {\n                        \"elmType\": \"div\",\n                        \"style\": {\n                          \"padding\": \"15px 45px 15px 15px\",\n                          \"overflow\": \"hidden\"\n                        },\n                        \"children\": [\n                          {\n                            \"elmType\": \"div\",\n                            \"children\": [\n                              {\n                                \"elmType\": \"div\",\n                                \"style\": {\n                                  \"font-size\": \"18px\",\n                                  \"font-weight\": \"550\",\n                                  \"text-align\": \"center\",\n                                  \"margin-bottom\": \"10px\",\n                                  \"overflow\": \"hidden\"\n                                },\n                                \"txtContent\": \"[$Reason]\"\n                              }\n                            ]\n                          }\n                        ]\n                      }\n                    ]\n                  }\n                ]\n              }\n            }\n          },\n          {\n            \"elmType\": \"div\",\n            \"style\": {\n              \"flex-grow\": \"1\",\n              \"text-align\": \"right\",\n              \"outline-color\": \"#CCCCCC\",\n              \"overflow\": \"hidden\"\n            },\n            \"children\": [\n              {\n                \"elmType\": \"div\",\n                \"attributes\": {\n                  \"iconName\": \"CirclePlus\",\n                  \"class\": \"ms-fontSize-xxl ms-fontWeight-regular  ms-fontColor-black\",\n                  \"title\": \"[$LineStatus]\"\n                },\n                \"style\": {\n                  \"flex\": \"none\",\n                  \"padding\": \"2px 0px 0px 0px\",\n                  \"color\": \"#2070B0\",\n                  \"display\": \"normal\",\n                  \"outline-color\": \"#CCCCCC\",\n                  \"overflow\": \"hidden\"\n                },\n                \"customCardProps\": {\n                  \"openOnEvent\": \"click\",\n                  \"directionalHint\": \"bottomCenter\",\n                  \"isBeakVisible\": true,\n                  \"formatter\": {\n                    \"elmType\": \"div\",\n                    \"children\": [\n                      {\n                        \"elmType\": \"div\",\n                        \"children\": [\n                          {\n                            \"elmType\": \"div\",\n                            \"style\": {\n                              \"padding\": \"15px 45px 15px 15px\",\n                              \"overflow\": \"hidden\"\n                            },\n                            \"children\": [\n                              {\n                                \"elmType\": \"div\",\n                                \"children\": [\n                                  {\n                                    \"elmType\": \"div\",\n                                    \"style\": {\n                                      \"font-size\": \"18px\",\n                                      \"font-weight\": \"550\",\n                                      \"text-align\": \"center\",\n                                      \"margin-bottom\": \"10px\",\n                                      \"overflow\": \"hidden\"\n                                    },\n                                    \"txtContent\": \"[$Reason]\"\n                                  }\n                                ]\n                              }\n                            ]\n                          }\n                        ]\n                      }\n                    ]\n                  }\n                }\n              }\n            ],\n            \"customCardProps\": {\n              \"openOnEvent\": \"click\",\n              \"directionalHint\": \"bottomCenter\",\n              \"isBeakVisible\": true,\n              \"formatter\": {\n                \"elmType\": \"div\",\n                \"children\": [\n                  {\n                    \"elmType\": \"div\",\n                    \"children\": [\n                      {\n                        \"elmType\": \"div\",\n                        \"style\": {\n                          \"padding\": \"15px 45px 15px 15px\",\n                          \"overflow\": \"hidden\"\n                        },\n                        \"children\": [\n                          {\n                            \"elmType\": \"div\",\n                            \"children\": [\n                              {\n                                \"elmType\": \"div\",\n                                \"style\": {\n                                  \"font-size\": \"18px\",\n                                  \"font-weight\": \"550\",\n                                  \"text-align\": \"center\",\n                                  \"margin-bottom\": \"10px\",\n                                  \"overflow\": \"hidden\"\n                                },\n                                \"txtContent\": \"[$Reason]\"\n                              }\n                            ]\n                          }\n                        ]\n                      }\n                    ]\n                  }\n                ]\n              }\n            }\n          }\n        ],\n        \"customCardProps\": {\n          \"openOnEvent\": \"click\",\n          \"directionalHint\": \"bottomCenter\",\n          \"isBeakVisible\": true,\n          \"formatter\": {\n            \"elmType\": \"div\",\n            \"children\": [\n              {\n                \"elmType\": \"div\",\n                \"children\": [\n                  {\n                    \"elmType\": \"div\",\n                    \"style\": {\n                      \"padding\": \"15px 45px 15px 15px\",\n                      \"overflow\": \"hidden\"\n                    },\n                    \"children\": [\n                      {\n                        \"elmType\": \"div\",\n                        \"children\": [\n                          {\n                            \"elmType\": \"div\",\n                            \"style\": {\n                              \"font-size\": \"18px\",\n                              \"font-weight\": \"550\",\n                              \"text-align\": \"center\",\n                              \"margin-bottom\": \"10px\",\n                              \"overflow\": \"hidden\"\n                            },\n                            \"txtContent\": \"[$Reason]\"\n                          }\n                        ]\n                      }\n                    ]\n                  }\n                ]\n              }\n            ]\n          }\n        }\n      }\n    ]\n  }\n}"}]}},"Compose_replace_apostrophe_with_slash_apostrophe_in_JSON":{"runAfter":{"Initialize_variable_quickLaunchID":["Succeeded"]},"type":"Compose","inputs":"@replace(variables('JSON'), '''', '\\''')"},"Initialize_variable_quickLaunchID":{"runAfter":{"Initialize_variable_JSON_viewFormatting_All_Items":["Succeeded"]},"type":"InitializeVariable","inputs":{"variables":[{"name":"quickLaunchID","type":"integer"}]}},"Scope_Navigation":{"actions":{"Parse_JSON_2_First_List_View":{"runAfter":{"Parse_JSON_List_Views":["Succeeded"]},"type":"ParseJson","inputs":{"content":"@array(first(body('Parse_JSON_List_Views')))","schema":{"type":"array","items":{"type":"object","properties":{"__metadata":{"type":"object","properties":{"id":{"type":"string"},"uri":{"type":"string"},"type":{"type":"string"}}},"DefaultView":{"type":"boolean"},"ServerRelativePath":{"type":"object","properties":{"__metadata":{"type":"object","properties":{"type":{"type":"string"}}},"DecodedUrl":{"type":"string"}}},"ServerRelativeUrl":{"type":"string"},"Title":{"type":"string"}},"required":["__metadata","DefaultView","ServerRelativePath","ServerRelativeUrl","Title"]}}}},"Apply_to_each_first_List_View_Item":{"foreach":"@body('Parse_JSON_2_First_List_View')","actions":{"Add_London_Tubes_Quick_Launch_Header":{"runAfter":{},"type":"OpenApiConnection","inputs":{"host":{"apiId":"/providers/Microsoft.PowerApps/apis/shared_sharepointonline","connectionName":"shared_sharepointonline","operationId":"HttpRequest"},"parameters":{"dataset":"@variables('varSitePrefix')","parameters/method":"POST","parameters/uri":"/_api/web/navigation/QuickLaunch","parameters/headers":{"Accept":"application/json;odata=verbose","Content-Type":"application/json;odata=verbose"},"parameters/body":"{'__metadata':{'type': 'SP.NavigationNode'},'Title': '@{variables('varListName')}','Url':'@{replace(items('Apply_to_each_first_List_View_Item')['ServerRelativeUrl'], '/AllItems.aspx','')}'}"},"authentication":{"value":"@json(decodeBase64(triggerOutputs().headers['X-MS-APIM-Tokens']))['$ConnectionKey']","type":"Raw"}}},"Parse_JSON_Response_from_created_Quick_Launch_Header":{"runAfter":{"Add_London_Tubes_Quick_Launch_Header":["Succeeded"]},"type":"ParseJson","inputs":{"content":"@outputs('Add_London_Tubes_Quick_Launch_Header')?['body']","schema":{"type":"object","properties":{"d":{"type":"object","properties":{"__metadata":{"type":"object","properties":{"id":{"type":"string"},"uri":{"type":"string"},"type":{"type":"string"}}},"Children":{"type":"object","properties":{"__deferred":{"type":"object","properties":{"uri":{"type":"string"}}}}},"AudienceIds":{},"CurrentLCID":{"type":"integer"},"Id":{"type":"integer"},"IsDocLib":{"type":"boolean"},"IsExternal":{"type":"boolean"},"IsVisible":{"type":"boolean"},"ListTemplateType":{"type":"integer"},"Title":{"type":"string"},"Url":{"type":"string"}}}}}}},"Set_variable_quicklaunchID":{"runAfter":{"Parse_JSON_Response_from_created_Quick_Launch_Header":["Succeeded"]},"type":"SetVariable","inputs":{"name":"quickLaunchID","value":"@body('Parse_JSON_Response_from_created_Quick_Launch_Header')?['d']?['Id']"}}},"runAfter":{"Parse_JSON_2_First_List_View":["Succeeded"]},"type":"Foreach"},"Get_Tube_Status_List_Views":{"runAfter":{},"type":"OpenApiConnection","inputs":{"host":{"apiId":"/providers/Microsoft.PowerApps/apis/shared_sharepointonline","connectionName":"shared_sharepointonline","operationId":"HttpRequest"},"parameters":{"dataset":"@variables('varSitePrefix')","parameters/method":"GET","parameters/uri":"/_api/web/lists/getbyTitle('@{variables('varListName')}')/views?$select=Title,DefaultView,ServerRelativePath,ServerRelativeUrl","parameters/headers":{"Accept":"application/json;odata=verbose","Content-Type":"application/json;odata=verbose"}},"authentication":{"value":"@json(decodeBase64(triggerOutputs().headers['X-MS-APIM-Tokens']))['$ConnectionKey']","type":"Raw"}}},"Parse_JSON_List_Views":{"runAfter":{"Get_Tube_Status_List_Views":["Succeeded"]},"type":"ParseJson","inputs":{"content":"@outputs('Get_Tube_Status_List_Views')?['body']['d']['results']","schema":{"type":"array","items":{"type":"object","properties":{"__metadata":{"type":"object","properties":{"id":{"type":"string"},"uri":{"type":"string"},"type":{"type":"string"}}},"DefaultView":{"type":"boolean"},"ServerRelativePath":{"type":"object","properties":{"__metadata":{"type":"object","properties":{"type":{"type":"string"}}},"DecodedUrl":{"type":"string"}}},"Title":{"type":"string"},"ServerRelativeUrl":{"type":"string"}},"required":["__metadata","DefaultView","ServerRelativePath","Title"]}}}},"Apply_to_each_List_Views":{"foreach":"@body('Parse_JSON_List_Views')","actions":{"Add_Views_To_Quick_Launch_as_subheaders":{"runAfter":{},"type":"OpenApiConnection","inputs":{"host":{"apiId":"/providers/Microsoft.PowerApps/apis/shared_sharepointonline","connectionName":"shared_sharepointonline","operationId":"HttpRequest"},"parameters":{"dataset":"@variables('varSitePrefix')","parameters/method":"POST","parameters/uri":"/_api/web/Navigation/GetNodeById(@{variables('quickLaunchID')})/Children","parameters/headers":{"Accept":"application/json;odata=verbose","Content-Type":"application/json;odata=verbose"},"parameters/body":"{ \n \"__metadata\": { type: \"SP.NavigationNode\" }, \n \"IsExternal\": true, \n \"Title\": \"@{items('Apply_to_each_List_Views')['Title']}\", \n \"Url\": \"@{items('Apply_to_each_List_Views')?['ServerRelativePath']?['DecodedUrl']}\" \n }"},"authentication":{"value":"@json(decodeBase64(triggerOutputs().headers['X-MS-APIM-Tokens']))['$ConnectionKey']","type":"Raw"}}}},"runAfter":{"Apply_to_each_first_List_View_Item":["Succeeded"]},"type":"Foreach"},"Add_Quicklaunch_Link":{"runAfter":{"Apply_to_each_List_Views":["Succeeded"]},"type":"OpenApiConnection","inputs":{"host":{"apiId":"/providers/Microsoft.PowerApps/apis/shared_sharepointonline","connectionName":"shared_sharepointonline","operationId":"HttpRequest"},"parameters":{"dataset":"@variables('varSitePrefix')","parameters/method":"POST","parameters/uri":"/_api/web/Navigation/GetNodeById(@{variables('quickLaunchID')})/Children","parameters/headers":{"Accept":"application/json;odata=verbose","Content-Type":"application/json;odata=verbose"},"parameters/body":"{ \n \"__metadata\": { type: \"SP.NavigationNode\" }, \n \"IsExternal\": true, \n \"Title\": \"Blog Post\", \n \"Url\": \"https://www.leonarmston.com/\" \n }"},"authentication":{"value":"@json(decodeBase64(triggerOutputs().headers['X-MS-APIM-Tokens']))['$ConnectionKey']","type":"Raw"}}}},"runAfter":{"Scope_-_Tube_Status_List":["Succeeded"]},"type":"Scope"}},"description":"This flow creates the Tube Status SharePoint list in the site of your choice. \n\nThis Flow uses Rest API to create the List, fields, views and apply the view formatting needed."},"connectionReferences":{"shared_sharepointonline":{"connectionName":"90271e77a5784affa7bbdd7cdc16f4ed","source":"Invoker","id":"/providers/Microsoft.PowerApps/apis/shared_sharepointonline","tier":"NotSpecified"}},"flowFailureAlertSubscribed":false}}